{
    "params": {
        "length_range": 1000.0,
        "priority_range": 4,
        "sensors_amount": 10,
        "s": 100.0,
        "v": 10,
        "period": 300,
        "t_limit": 450,
        "max_time": 3600,
        "seed": 5
    },
    "cost": 11.75,
    "uav_result": [
        [
            0.0,
            [
                0.0,
                0.0
            ]
        ],
        [
            81.79814812946937,
            [
                811.7605252869423,
                100.69038348784247
            ]
        ],
        [
            114.62371634140135,
            [
                741.4265750854361,
                421.32245969462485
            ]
        ],
        [
            172.27329625644407,
            [
                164.98976725870602,
                429.56946039908473
            ]
        ],
        [
            218.49021362665002,
            [
                621.2734495763298,
                503.0918812726804
            ]
        ],
        [
            235.25808601255062,
            [
                695.6458770005916,
                653.374603080637
            ]
        ],
        [
            283.4287065995274,
            [
                873.978885075257,
                205.89476330627565
            ]
        ],
        [
            308.32059481069365,
            [
                764.1302815552356,
                429.26417521493636
            ]
        ],
        [
            329.78683676004295,
            [
                747.668625186979,
                643.2944726319466
            ]
        ],
        [
            353.50894224879255,
            [
                510.83618172931074,
                629.7216097133626
            ]
        ],
        [
            434.5954954067465,
            [
                0,
                0
            ]
        ],
        [
            529.4596456202489,
            [
                669.4325087750802,
                672.1464243511955
            ]
        ],
        [
            552.1975531992844,
            [
                691.3575110447392,
                898.4659736233499
            ]
        ],
        [
            629.7351607089787,
            [
                433.2836959260593,
                167.29843893459542
            ]
        ],
        [
            665.031009745429,
            [
                146.30627944068243,
                372.7824002254158
            ]
        ],
        [
            714.2343940653336,
            [
                623.0978165945089,
                494.3024930155176
            ]
        ],
        [
            729.0953930641969,
            [
                496.31347296390106,
                571.830935116319
            ]
        ],
        [
            771.1761740120825,
            [
                795.8246988064514,
                276.24298185589527
            ]
        ],
        [
            786.6085067417607,
            [
                749.8142917570309,
                423.5478758380588
            ]
        ],
        [
            826.1316177074551,
            [
                470.6365745074767,
                143.7847041517424
            ]
        ],
        [
            875.3426760594288,
            [
                0,
                0
            ]
        ],
        [
            970.2068262729312,
            [
                669.4325087750802,
                672.1464243511955
            ]
        ],
        [
            992.9447338519666,
            [
                691.3575110447392,
                898.4659736233499
            ]
        ],
        [
            1070.482341361661,
            [
                433.2836959260593,
                167.29843893459542
            ]
        ],
        [
            1125.7132526382882,
            [
                692.9799142659165,
                654.7440566445555
            ]
        ],
        [
            1199.0,
            [
                692.9799142659165,
                654.7440566445555
            ]
        ],
        [
            1294.3368208661987,
            [
                0,
                0
            ]
        ],
        [
            1384.5566292874882,
            [
                899.3191069972369,
                72.01754610588483
            ]
        ],
        [
            1499.0,
            [
                899.3191069972369,
                72.01754610588483
            ]
        ],
        [
            1502.7825333769185,
            [
                890.4493224963716,
                108.78822461007533
            ]
        ],
        [
            1583.6994529951303,
            [
                721.8376310253282,
                900.1951272520009
            ]
        ],
        [
            1662.4593109993796,
            [
                436.25936749582456,
                166.19473305290774
            ]
        ],
        [
            1691.8767259490005,
            [
                143.51422943314992,
                195.15529887064156
            ]
        ],
        [
            1716.1010783091938,
            [
                0,
                0
            ]
        ],
        [
            1806.3208867304834,
            [
                899.3191069972369,
                72.01754610588483
            ]
        ],
        [
            1844.481934915037,
            [
                757.2332234776294,
                426.1900486506705
            ]
        ],
        [
            1884.7172597793276,
            [
                471.11195646543257,
                143.30710951005182
            ]
        ],
        [
            1917.8717075330337,
            [
                142.972870398684,
                190.70416406622883
            ]
        ],
        [
            1994.1872831005448,
            [
                899.8258794576674,
                92.82551420625614
            ]
        ],
        [
            2030.443313979154,
            [
                758.8762018794022,
                426.8661792421916
            ]
        ],
        [
            2070.8430561498094,
            [
                471.2059598765873,
                143.2119026807694
            ]
        ],
        [
            2104.008169508216,
            [
                142.97019297260562,
                190.68563997360673
            ]
        ],
        [
            2127.8412325448394,
            [
                0,
                0
            ]
        ],
        [
            2206.597133757097,
            [
                638.8786334017229,
                460.52501491040863
            ]
        ],
        [
            2242.1206044812393,
            [
                452.4737304959126,
                158.12642132641503
            ]
        ],
        [
            2273.2360420786813,
            [
                143.34801971348207,
                193.59951847466144
            ]
        ],
        [
            2329.4488036692755,
            [
                632.9092388787428,
                469.8553224924599
            ]
        ],
        [
            2365.4641120509077,
            [
                450.61559882356744,
                159.244194910334
            ]
        ],
        [
            2396.382303470624,
            [
                143.37281798521627,
                193.81773521700202
            ]
        ],
        [
            2452.5821835587108,
            [
                632.8960382937989,
                469.87872299008654
            ]
        ],
        [
            2488.598842000539,
            [
                450.6112451837878,
                159.24674985729325
            ]
        ],
        [
            2519.516572217223,
            [
                143.37287406474871,
                193.81823358714766
            ]
        ],
        [
            2543.624929417254,
            [
                0,
                0
            ]
        ],
        [
