{"params": {"length_range": 1000.0, "priority_range": 4, "sensors_amount": 10, "s": 100.0, "v": 10, "period": 300, "t_limit": 450, "max_time": 3600, "seed": 5}, "cost": 16.916666666666668, "uav_result": [[0.0, [0.0, 0.0]], [30.660668956621954, [301.62483543329495, 55.04653246657633]], [83.13391109775827, [653.0313026460939, 444.7356507150239]], [115.15728444757296, [849.6130439347407, 191.94074755816496]], [161.34280919393387, [759.5091252470397, 644.9214904676089]], [186.25646256103985, [510.8202971148785, 629.9923521172723]], [217.68084527094283, [655.0899126446955, 909.1615855666689]], [283.63113209835745, [142.69423096262744, 493.95717969482035]], [322.96785330239885, [347.8470067004989, 158.32329863467658]], [364.7930916838621, [648.1907802217438, 449.4052016682417]], [443.6674425750704, [0, 0]], [522.7811340034923, [769.7085528494358, 182.88346238406433]], [537.9127027107046, [907.763575476782, 120.93793888582002]], [614.6971451205743, [143.5297718682524, 195.31369462314828]], [633.1115108200432, [309.73923864978576, 116.04642796423026]], [680.6167691465688, [648.6568266469342, 448.9275259754987]], [713.2396788680995, [849.4501961346518, 191.813841703962]], [800.3234423135565, [0, 0]], [912.2826568075832, [643.521768206835, 916.169364722427]], [990.0458284228458, [427.74760343374885, 169.0732559231933]], [1025.6375151122975, [655.8978757340276, 442.247686259046]], [1046.8665275088792, [713.0692334429449, 646.6945805644905]], [1067.158583526886, [510.7189603978622, 631.4919247973792]], [1106.0321350212382, [156.1983980639037, 472.0225814714014]], [1155.7516741358213, [0, 0]], [1237.5498222652907, [811.7605252869423, 100.69038348784247]], [1268.818876957915, [499.77464430764684, 79.70972080511243]], [1307.9589987205793, [675.1842063485327, 429.60456029869806]], [1327.4195313159885, [801.8905886102825, 281.8997005823115]], [1345.6357693986295, [929.1432704060638, 151.55443613389517]], [1424.3113036480552, [143.81820553979867, 198.9729075986423]], [1486.632897094708, [767.0047205827058, 205.02835487072875]], [1515.6359676686848, [494.0963660506194, 106.8507591653103]], [1566.187753362034, [0, 0]], [1644.9436545742915, [638.8786334017229, 460.52501491040863]], [1669.122937936265, [800.2574167274454, 280.4676277190707]], [1799.0, [800.2574167274454, 280.4676277190707]], [1799.0, [800.2574167274454, 280.4676277190707]]], "sensors_result": [{"x": 867, "y": 206, "p": 4, "epsilon": 1.0, "cost": 0.25, "records": [522.7811340034923, 1327.4195313159885, 1486.632897094708, 1669.122937936265, 1799.0, 1799.0, 1799.0]}, {"x": 701, "y": 998, "p": 3, "epsilon": 2.0, "cost": 0.6666666666666666, "records": [217.68084527094283, 912.2826568075832]}, {"x": 400, "y": 73, "p": 1, "epsilon": 6.0, "cost": 6.0, "records": [30.660668956621954, 322.96785330239885, 633.1115108200432, 990.0458284228458, 1268.818876957915, 1515.6359676686848]}, {"x": 740, "y": 743, "p": 3, "epsilon": 2.0, "cost": 0.6666666666666666, "records": [161.34280919393387, 1046.8665275088792]}, {"x": 411, "y": 624, "p": 3, "epsilon": 2.0, "cost": 0.6666666666666666, "records": [186.25646256103985, 1067.158583526886]}, {"x": 720, "y": 519, "p": 1, "epsilon": 6.0, "cost": 6.0, "records": [83.13391109775827, 364.7930916838621, 680.6167691465688, 1025.6375151122975, 1307.9589987205793, 1644.9436545742915]}, {"x": 911, "y": 113, "p": 2, "epsilon": 3.0, "cost": 1.5, "records": [115.15728444757296, 713.2396788680995, 1237.5498222652907]}, {"x": 999, "y": 80, "p": 4, "epsilon": 1.0, "cost": 0.25, "records": [537.9127027107046, 1345.6357693986295]}, {"x": 44, "y": 205, "p": 4, "epsilon": 1.0, "cost": 0.25, "records": [614.6971451205743, 1424.3113036480552]}, {"x": 65, "y": 431, "p": 3, "epsilon": 2.0, "cost": 0.6666666666666666, "records": [283.63113209835745, 1106.0321350212382]}]}